paper_name,authors,doi,topic
"The Knesset election in Israel, March 2006",Abraham Diskin; Reuven Y. Hazan,https://doi.org/10.1016/j.electstud.2006.10.012,public-opinion-polarization-violence
The Israeli general election of 1992,Abraham Diskin,https://doi.org/10.1016/0261-3794(92)90008-t,public-opinion-polarization-violence
Federalist No. 78 and Brutus' Neglected Thesis on Judicial Supremacy,Shlomo Slonim,https://doi.org/10.24926/26390742.2194,constitutionalism-courts-rule-of-law
Struggling with the Challenges of Right-Wing Extremism and Terrorism within Democratic Boundaries: A Comparative Analysis,Ami Pedahzur,https://doi.org/10.1080/105761001750434213,democratic-backsliding-populism;public-opinion-polarization-violence
Pure or Mixed? The Evolution of Three Grounds of Judicial Review of the Administration in British and Israeli Administrative Law,Margit Cohn,https://doi.org/10.1163/22134514-45060003,constitutionalism-courts-rule-of-law
Intent in Criminal Libel: Statutory Interpretation or Judicial Imagination?,David Kretzmer,https://doi.org/10.1017/s0021223700009262,constitutionalism-courts-rule-of-law
Evaluating Large Language Models as Judicial Decision-Makers,Oren Gazal Ayal; Zohar Elyoseph; Adir Solomon,https://doi.org/10.1080/07418825.2026.2618254,constitutionalism-courts-rule-of-law
Human Rights Discourse in Domestic Settings: How does it Emerge?,Neve Gordon; Nitza Berkovitch,https://doi.org/10.1111/j.1467-9248.2007.00651.x,rights-equality-minorities
Human Rights Dilemmas in Using Informers to Combat Terrorism: The Israeli-Palestinian Case,HILLEL COHEN; RON DUDAI,https://doi.org/10.1080/09546550490520709,rights-equality-minorities
Taking Universality Seriously: A Functional Approach to Extraterritoriality in International Human Rights Law,Yuval Shany,https://doi.org/10.1515/lehr-2013-0004,rights-equality-minorities
In Defence of Voting Power Analysis,Dan S. Felsenthal; Dennis Leech; Christian List; Moshé Machover,https://doi.org/10.1177/146511650344005,institutions-civil-society-public-service
"Advertisements, Stereotypes, and Freedom of Expression",Moshe Cohen-Eliya; Yoav Hammer,https://doi.org/10.1111/j.1467-9833.2004.00223.x,rights-equality-minorities
"Struggling to strike the right balance between interests at stake: The ‘Yarovaya’, ‘Fake news’ and ‘Disrespect’ laws as examples of ill-conceived legislation in the age of modern technology",E. Moyakine; A. Tabachnik,https://doi.org/10.1016/j.clsr.2020.105512,rights-equality-minorities
Inequity and Cultural Differences in Out-of-School Science Education: The Case of the Arab Minority in Israel,Tali Tal,https://doi.org/10.1163/23641177-bja10011,rights-equality-minorities
Forming Partnerships: The Human Rights of Children in Need of Care and Protection,Sharon Bessell; Tali Gal,https://doi.org/10.1163/157181808x358258,rights-equality-minorities
Shades of Universality: Variation of Performances in the Glocalized Israeli Human Rights Discourse,Ben Bornstein,https://doi.org/10.1177/0731121420950762,rights-equality-minorities
Rights to Sexual and Reproductive Health: The ICPD and the Convention on the Elimination of All Forms of Discrimination against Women,Carmel Shalev,https://doi.org/10.2307/4065196,rights-equality-minorities
Non-consequentialist voting,Moses Shayo; Alon Harel,https://doi.org/10.1016/j.jebo.2011.10.021,institutions-civil-society-public-service
The Technologies of Discrimination: How Platforms Cultivate Gender Inequality,Arianne Renan Barzilay,https://doi.org/10.1515/lehr-2019-2006,rights-equality-minorities
